Amino Acid,m/z,d3,d6,d9,d12,Name
A,72.04495,216.14495,219.14495,222.24495,225.24495,Alanine
R,157.10895,301.20895,304.20895,307.30895,310.30895,Arginine
N,115.05077,259.15077,262.15077,265.25077,268.25077,Asparagine
D,116.03478,260.13478,263.13478,266.23478,269.23478,Aspartic Acid
C,104.01703,248.11703,251.11703,254.21703,257.21703,Cysteine
E,130.05043,274.15043,277.15043,280.25043,283.25043,Glutamic Acid
Q,129.06642,273.16642,276.16642,279.26642,282.26642,Glutamine
G,58.0293,202.1293,205.1293,208.2293,211.2293,Glycine
H,138.06675,282.16675,285.16675,288.26675,291.26675,Histidine
I,114.0919,258.1919,261.1919,264.2919,267.2919,Isoleucine
L,114.0919,258.1919,261.1919,264.2919,267.2919,Leucine
K,129.1028,273.2028,276.2028,279.3028,282.3028,Lysine
M,132.04833,276.14833,279.14833,282.24833,285.24833,Methionine
F,148.07625,292.17625,295.17625,298.27625,301.27625,Phenylalanine
P,98.0606,242.1606,245.1606,248.2606,251.2606,Proline
S,88.03987,232.13987,235.13987,238.23987,241.23987,Serine
T,102.05552,246.15552,249.15552,252.25552,255.25552,Threonine
W,187.08715,331.18715,334.18715,337.28715,340.28715,Tryptophan
Y,164.07117,308.17117,311.17117,314.27117,317.27117,Tyrosine
V,100.07625,244.17625,247.17625,250.27625,253.27625,Valine
